plataforma,titulo,link,preco,preco_de,imagem_url,nota_chef,ativo,nota,vendas
mercadolivre,Kit 12 potes herméticos com trava 800 ml,https://meli.la/27sUra2,"37,52","39,50",https://http2.mlstatic.com/D_Q_NP_2X_904470-MLB100679901262_122025-AB.webp,"Pote transparente com trava deixa você ver o que sobrou sem abrir. Na cozinha profissional tudo é guardado assim, etiquetado e com data.",sim,,
mercadolivre,Cafeteira elétrica Electrolux inox com filtro permanente,https://meli.la/1yERjVW,"93,50","129,99",https://http2.mlstatic.com/D_NQ_NP_923263-MLA99474168604_112025-O.webp,Filtro permanente é menos papel no lixo e menos gasto no mês. Café coado na hora tem muito mais aroma do que o que ficou parado na garrafa.,sim,"4,8",100000
mercadolivre,Processador triturador elétrico de alimentos inox 2 L (220V),https://meli.la/2TXS1nT,"75,90","129,90",https://http2.mlstatic.com/D_NQ_NP_613992-MLB110351987191_042026-O-processador-triturador-eletrico-de-alimentos-inox-2-litros.webp,"Cebola, alho e tempero picados em segundos. Corte em pedaços grandes antes, para não passar do ponto e virar purê.",sim,"4,7",5000
mercadolivre,Sanduicheira multilaser grill gourmet 750W,https://meli.la/1UtKSFu,"54,99","199,00",https://http2.mlstatic.com/D_NQ_NP_798833-MLA99962055785_112025-O.webp,Pão fechado e dourado em poucos minutos. Passe um fio fino de manteiga por fora para dourar por igual.,sim,"4,8",1000
mercadolivre,Jogo de taças bowls de vidro para sobremesas (6 un.),https://meli.la/1NTGSPw,"23,90","39,90",https://http2.mlstatic.com/D_NQ_NP_761806-MLB110796598632_052026-O-jogo-de-tacas-bowls-de-vidro-para-sobremesas-e-sorvete.webp,Sobremesa em porção individual ganha cara de restaurante. Deixe a taça no freezer uns minutos antes de montar.,sim,"4,8",10000
mercadolivre,Jogo 6 copos baixos Diamond 300 ml de vidro,https://meli.la/2uCZfLN,"24,90","39,90",https://http2.mlstatic.com/D_NQ_NP_808354-MLB112328830831_052026-O-jogo-6-copos-baixos-diamond-300ml-vidro-resistente-diamante.webp,"Copo baixo serve água, suco e até sobremesa em porção pequena. Lave à mão com água morna para não embaçar.",sim,"4,9",5000
mercadolivre,Faqueiro Tramontina Búzios aço inox 24 peças,https://meli.la/1twscbn,"62,99",,https://http2.mlstatic.com/D_Q_NP_2X_885228-MLA105354697197_012026-AB.webp,Talher bom muda a mesa. Lave e seque logo depois do uso para o inox manter o brilho.,sim,,
mercadolivre,Electrolux kit 3 bowls de aço inox com tampa,https://meli.la/2peirrJ,"94,06",,https://http2.mlstatic.com/D_Q_NP_2X_789898-MLA115997479882_092026-AB.webp,"Três tamanhos de tigela resolvem a mise en place: separe tudo antes de ligar o fogo, como numa cozinha profissional.",sim,,
mercadolivre,Kit 10 potes de vidro 370 ml herméticos,https://meli.la/1SJy8Mj,"75,77","159,90",https://http2.mlstatic.com/D_Q_NP_2X_605578-MLA113633610823_062026-AB.webp,"Vidro não pega cheiro nem mancha. Dá para guardar, esquentar e servir no mesmo pote.",sim,,
mercadolivre,Faqueiro Tramontina Búzios inox 24 peças com detalhe,https://meli.la/2pTxHDv,"61,91",,https://http2.mlstatic.com/D_Q_NP_2X_852034-MLA99850814177_112025-AB.webp,Talher bom muda a mesa. Lave e seque logo depois do uso para o inox manter o brilho.,nao,,
mercadolivre,Torneira gourmet flexível de parede com 2 jatos,https://meli.la/1i99JjY,"27,98","59,97",https://http2.mlstatic.com/D_Q_NP_2X_746561-MLA111291534913_052026-AB.webp,Torneira alta com jato flexível facilita encher panelas e lavar a pia. Confira a rosca e a pressão da sua instalação antes de comprar.,sim,,
mercadolivre,Kit 10 panos de prato estampados de algodão,https://meli.la/2sPf816,"24,05",,https://http2.mlstatic.com/D_Q_NP_2X_850383-MLA105470727797_012026-AB.webp,Pano de prato de algodão seca louça sem deixar fiapo. Tenha um para a louça e outro só para as mãos.,sim,,
mercadolivre,"Copo térmico gigante 1,2 L inox com tampa e canudo",https://meli.la/1oD9W6i,"48,99","76,99",https://http2.mlstatic.com/D_Q_NP_2X_762324-MLA114173652868_082026-AB.webp,Copo grande com tampa e canudo para a água do dia inteiro. Quem trabalha em cozinha sabe: hidratar faz parte do serviço.,sim,,
mercadolivre,Kit 6 potes de vidro 640 ml com 4 travas,https://meli.la/13G1iVU,"52,09","149,90",https://http2.mlstatic.com/D_Q_NP_2X_949846-MLA112368844650_062026-AB.webp,Vidro com 4 travas é ótimo para molhos e sobras. Deixe esfriar antes de fechar e levar à geladeira.,sim,,
mercadolivre,Kit 20 potes 500 ml transparentes para marmita,https://meli.la/1u8cmcL,"38,90",,https://http2.mlstatic.com/D_Q_NP_2X_687195-MLA113406769010_072026-AB.webp,Padronize os potes e etiquete com a data. Na cozinha profissional é assim que se evita desperdício.,sim,,
mercadolivre,Panos de prato atoalhados Laune Gourmet,https://meli.la/1rwWsEG,"41,98","76,99",https://http2.mlstatic.com/D_Q_NP_2X_632973-MLA118919233211_102026-AB.webp,Pano atoalhado absorve bem e poupa papel toalha no dia a dia. Lave separado do resto da roupa.,sim,,
mercadolivre,Lixeira inox 5 L com pedal e balde removível,https://meli.la/19QD6GV,"51,90","71,13",https://http2.mlstatic.com/D_Q_NP_2X_986730-MLA111359600349_052026-AB.webp,Lixeira com pedal é higiene na prática: você abre sem encostar a mão suja. O balde removível facilita a limpeza.,sim,,
mercadolivre,Panos de copa atoalhados felpudos para cozinha,https://meli.la/2YnqXpy,"37,30",,https://http2.mlstatic.com/D_Q_NP_2X_600434-MLA100097921677_122025-AB.webp,Pano de copa serve de apoio para secar louça e tirar o excesso de líquido.,nao,,
mercadolivre,Porta-temperos giratório com 9 potes de vidro,https://meli.la/1BFE1Be,"39,48","65,90",https://http2.mlstatic.com/D_Q_NP_2X_990225-MLA116049570700_092026-AB.webp,Tempero à vista é tempero usado. Deixe os mais usados na frente e etiquete cada pote.,sim,,
mercadolivre,Kit 12 utensílios de silicone com cabo de madeira,https://meli.la/14jNhsR,"39,99",,https://http2.mlstatic.com/D_Q_NP_2X_646397-MLA99585880706_122025-AB.webp,Silicone não risca antiaderente e aguenta calor. Espátula boa raspa a panela toda e nada se perde.,nao,,
mercadolivre,Kit 10 potes de vidro com tampa de bambu,https://meli.la/1dF6658,"128,25",,https://http2.mlstatic.com/D_Q_NP_2X_777723-MLA109742348077_032026-AB.webp,Pote com tampa de bambu deixa a bancada organizada e guarda massas e grãos longe da umidade.,nao,,
mercadolivre,Jogo 6 taças de cristal 340 ml Diamond,https://meli.la/2cwtJwF,"29,35",,https://http2.mlstatic.com/D_Q_NP_2X_941219-MLA112602385648_062026-AB.webp,Taça de vidro grosso serve para sobremesa ou para a mesa posta.,nao,,
mercadolivre,Porta-temperos giratório 360° com 12 potes de vidro,https://meli.la/24ZxhVk,"38,40",,https://http2.mlstatic.com/D_Q_NP_2X_877982-MLA118119135501_092026-AB.webp,Giratório deixa todos os temperos ao alcance de uma mão. Mantenha longe do fogo para o sal e as ervas não pegarem umidade.,sim,,
mercadolivre,Kit 6 potes de vidro 250 ml para tempero,https://meli.la/1ac65c1,"39,99",,https://http2.mlstatic.com/D_Q_NP_2X_919948-MLA104902190630_012026-AB.webp,Potes pequenos mantêm o tempero fresco e à mão.,nao,,
mercadolivre,Jogo de panelas antiaderente cerâmica Mimo 10 peças,https://meli.la/2Y9cBfF,"479,99","633,49",https://http2.mlstatic.com/D_Q_NP_2X_689204-MLB82249899483_022025-AB.webp,Antiaderente dura mais com fogo médio e utensílio de silicone ou madeira. Evite esponja de aço.,sim,,
mercadolivre,Jogo de 6 taças Diamond de vidro 330 ml,https://meli.la/1MrpHgC,"32,88","54,99",https://http2.mlstatic.com/D_Q_NP_2X_910536-MLA118811051627_102026-AB.webp,Taça individual transforma sobremesa simples em prato de restaurante. Gele a taça antes de montar.,sim,,
mercadolivre,Kit 3 organizadores de geladeira com tampa,https://meli.la/2RkZDsG,"38,00","49,00",https://http2.mlstatic.com/D_Q_NP_2X_849419-MLB116549588914_092026-AB.webp,Separar frutas e verduras em potes com tampa ajuda a ver o que tem e a usar tudo antes de estragar.,sim,,
mercadolivre,Cortador fatiador ralador de legumes mandolin inox,https://meli.la/2iAN7g6,"39,77","59,99",https://http2.mlstatic.com/D_Q_NP_2X_894077-MLA115247245255_072026-AB.webp,Corte uniforme é cozimento uniforme. Use sempre o protetor de mão: a lâmina é muito afiada.,sim,,
mercadolivre,Kit 10 potes 750 ml com tampa e trava,https://meli.la/2Unj9Km,"33,90","59,90",https://http2.mlstatic.com/D_Q_NP_2X_770265-MLA117214172384_102026-AB.webp,Pote com trava e transparente: você vê o conteúdo sem abrir. Etiquete com a data de preparo.,sim,,
mercadolivre,"Kit 4 utensílios inox: colher, concha e escumadeira",https://meli.la/2qxTMW9,"29,00","49,99",https://http2.mlstatic.com/D_Q_NP_2X_620484-MLB83922857128_042025-AB.webp,"Colher, concha e escumadeira resolvem a maior parte das panelas. Inox risca antiaderente, então confira antes de usar.",sim,,
mercadolivre,Jogo de panelas antiaderentes 10 peças Baunilha,https://meli.la/1U1iWdD,"229,52","269,90",https://http2.mlstatic.com/D_Q_NP_2X_897550-MLA111138894183_052026-AB.webp,Evite choque térmico: não leve panela quente direto para a água fria. Fogo médio e tampa fazem a comida cozinhar por igual.,sim,,
mercadolivre,Jogo 3 formas assadeiras retangulares de alumínio,https://meli.la/1HUHevi,"56,70","62,31",https://http2.mlstatic.com/D_Q_NP_2X_861487-MLB74925208337_032024-AB.webp,Forma de alumínio distribui bem o calor. Unte e polvilhe para desenformar sem quebrar.,sim,,
mercadolivre,"Panela de pressão 2,5 L Fort-lar",https://meli.la/2noEGU6,"56,16",,https://http2.mlstatic.com/D_Q_NP_2X_945356-MLA96151907055_102025-AB.webp,Panela de pressão reduz o tempo de cozimento de feijão e carnes. Nunca force a abertura e mantenha a válvula limpa.,nao,,
mercadolivre,Escorredor de louça suspenso 65 cm preto,https://meli.la/2Jw735t,"119,90","126,50",https://http2.mlstatic.com/D_Q_NP_2X_811192-MLA95941429659_102025-AB.webp,Escorredor suspenso libera a bancada. Deixe a louça pingar antes de guardar para não molhar o armário.,sim,,
